"CMPD_CHEMBLID","MOLWEIGHT","ALOGP","PSA","CANONICAL_SMILES","STANDARD_TYPE","RELATION","STANDARD_VALUE","STANDARD_UNITS"
"CHEMBL156263",294.3,2.16,67.43,"COc1ccccc1C2=C(Nc3ccccc3)C(=O)NC2=O","Inhibition","=",7.95,"%"
"CHEMBL1885746",370.38,4.08,78.9,"Fc1ccc(cc1)c2nn3cc(ccc3c2c4ccnc(NC5CC5)n4)C#N","Inhibition","=",0.32,"%"
"CHEMBL379093",429.87,6.69,47.04,"Fc1cccc(COc2ccc(Nc3ncncc3C#Cc4ccccc4)cc2Cl)c1","Inhibition","=",4.64,"%"
"CHEMBL407113",356.4,2.11,126.32,"NS(=O)(=O)c1cccc(c1)c2ccc3c(NC(=O)C4CC4)n[nH]c3c2","Inhibition","=",-1.06,"%"
"CHEMBL95207",352.41,2.42,72.86,"CN1CCC(CC1)n2cnc(c3ccc(F)cc3)c2c4ccnc(N)n4","Inhibition","=",4.21,"%"
"CHEMBL1789962",374.4,3.58,97.45,"COc1cc(C=NNc2ncnc3c2cnn3Cc4ccccc4)ccc1O","Inhibition","=",-2.43,"%"
"CHEMBL207247",500.95,5.81,76.14,"CC(=O)NCc1cccc(c1)C#Cc2cncnc2Nc3ccc(OCc4cccc(F)c4)c(Cl)c3","Inhibition","=",0.2,"%"
"CHEMBL381948",316.33,4.02,54.46,"Fc1ccc(cc1)c2cc(ccn2)c3c[nH]nc3c4ccccn4","Inhibition","=",5.67,"%"
"CHEMBL187985",299.33,1.86,98.89,"CCn1c(nc2c(nccc12)N3CCCC3)c4nonc4N","Inhibition","=",-2.28,"%"
"CHEMBL1909371",417.42,3.9,117.37,"Cl.COC(=O)Nc1nc2cc(Oc3ccc(NC(=O)Nc4ccccc4)cc3)ccc2[nH]1","Inhibition","=",2.23,"%"
"CHEMBL189415",432.4,5.72,68.0,"FC(F)(F)c1cccc(Nc2nccc(n2)c3cnn4nc(ccc34)c5ccccc5)c1","Inhibition","=",1.6,"%"
"CHEMBL1794065",425.48,1.83,137.14,"CCn1c(nc2c(ncc(OCC3CCNCC3)c12)C#CC(C)(C)O)c4nonc4N.OC(=O)C(F)(F)F","Inhibition","=",0.19,"%"
"CHEMBL182283",293.32,3.27,68.02,"Cc1ccc(cc1)c2oc3ncnc(NC(=O)C4CC4)c3c2","Inhibition","=",10.65,"%"
"CHEMBL531804",395.46,4.5,82.62,"CN(C)c1cc2c(Nc3ccc4nc(Cc5ccccc5)[nH]c4c3)ncnc2cn1","Inhibition","=",4.24,"%"
"CHEMBL218720",428.41,3.11,86.88,"CC1=C(C(CC(=O)N1)c2ccc(cc2)C(F)(F)F)C(=O)Nc3ccc4[nH]nc(C)c4c3","Inhibition","=",6.8,"%"
"CHEMBL1909364",451.86,4.57,117.37,"Cl.COC(=O)Nc1nc2ccc(Oc3ccc(NC(=O)Nc4cccc(Cl)c4)cc3)cc2[nH]1","Inhibition","=",2.26,"%"
"CHEMBL1909341",328.36,5.19,47.29,"Cl.N(c1ccc(Oc2ccccc2)cc1)c3oc(cn3)c4ccccc4","Inhibition","=",2.22,"%"
"CHEMBL1794052",453.08,3.84,75.63,"COC(=O)c1ccc2NC(=O)C(=Cc3cc(Br)c(O)c(Br)c3)c2c1","Inhibition","=",15.04,"%"
"CHEMBL1909360",628.74,4.01,148.25,"Cl.CN(c1ccc(NC(=O)Nc2ccc(cc2)C(=O)N3CCN(C)CC3)cc1)c4ccnc(Nc5ccc(CS(=O)(=O)C)cc5)n4","Inhibition","=",10.26,"%"
"CHEMBL409892",367.38,1.42,134.92,"NS(=O)(=O)c1ccc(N\N=C\2/C(=O)Nc3ccc4ncccc4c23)cc1","Inhibition","=",16.07,"%"
"CHEMBL352222",394.17,3.16,124.25,"Oc1c(Cl)cc(NC2=C(C(=O)NC2=O)c3cccc(c3)[N+](=O)[O-])cc1Cl","Inhibition","=",3.11,"%"
"CHEMBL514938",451.9,6.84,88.42,"Fc1cccc(COc2ccc(Nc3ncnc4sc(cc34)c5occc5)cc2Cl)c1","Inhibition","=",4.37,"%"
"CHEMBL232601",401.48,3.93,101.44,"O=C(Nc1sc2N(CCCc2c1C#N)C(=O)C3CC3)c4cccc5ccccc45","Inhibition","=",8.17,"%"
"CHEMBL1909359",423.49,3.26,127.41,"Cl.CN(c1ccc2c(C)n(C)nc2c1)c3ccnc(Nc4cccc(c4)S(=O)(=O)N)n3","Inhibition","=",18.82,"%"
"CHEMBL1909388",528.62,5.09,114.73,"Cl.CS(=O)(=O)CCNCc1ccoc1c2ccc3ncnc(Nc4ccc(OCc5ccccc5)cc4)c3c2","Inhibition","=",1.21,"%"
"CHEMBL241517",433.91,3.95,135.69,"Nc1ncc(c2cccc(c2)S(=O)(=O)N)c3scc(c4ccc(F)c(Cl)c4)c13","Inhibition","=",13.85,"%"
"CHEMBL206544",340.42,5.01,54.46,"CC(C)c1ccc(cc1)c2cc(ccn2)c3c[nH]nc3c4ccccn4","Inhibition","=",3.08,"%"
"CHEMBL189148",398.85,5.44,68.0,"Clc1ccc(cc1)c2nn3ncccc3c2c4ccnc(Nc5ccccc5)n4","Inhibition","=",2.67,"%"
"CHEMBL1909399",421.47,2.52,134.92,"Cl.NS(=O)(=O)c1ccc(N\N=C\2/C(=O)Nc3cccc(CCc4ccncc4)c23)cc1","Inhibition","=",4.47,"%"
"CHEMBL220465",484.51,3.75,137.22,"CCn1c(nc2cnc(Oc3cccc(NC(=O)c4ccc(cc4)N(C)C)c3)cc12)c5nonc5N","Inhibition","=",1.96,"%"
"CHEMBL365297",440.43,4.77,86.46,"Fc1ccc(cc1)c2nn3ncccc3c2c4ccnc(Nc5ccc6OCCOc6c5)n4","Inhibition","=",7.86,"%"
"CHEMBL588025",431.34,3.71,106.07,"Cl.Nc1ncnc2occ(c3ccc(NC(=O)Nc4cc(ccc4F)C(F)(F)F)cc3)c12","Inhibition","=",22.84,"%"
"CHEMBL330422",396.46,2.44,79.1,"CN1CCC(CC1)n2cnc(c3ccc(F)cc3)c2c4ccnc(NCCO)n4","Inhibition","=",5.43,"%"
"CHEMBL1909386",528.62,5.09,114.73,"Cl.CS(=O)(=O)CCNCc1coc(c1)c2ccc3ncnc(Nc4ccc(OCc5ccccc5)cc4)c3c2","Inhibition","=",9.68,"%"
"CHEMBL1909403",431.39,4.17,75.34,"OCCCNc1nccc(n1)c2c(nn3cc(ccc23)C(F)(F)F)c4ccc(F)cc4.OC(=O)\C=C\C(=O)O","Inhibition","=",2.86,"%"
"CHEMBL218088",268.31,2.4,76.21,"Cc1cc(O)cc(C)c1\C=C\c2cncc(c2)C(=O)N","Inhibition","=",4.41,"%"
"CHEMBL1909373",461.43,3.53,154.67,"Cl.COC(=O)Nc1nc2cc(Oc3ccc(NC(=O)Nc4cccc(c4)C(=O)O)cc3)ccc2[nH]1","Inhibition","=",-1.37,"%"
"CHEMBL374453",415.27,3.21,86.88,"CC1=C(C(CC(=O)N1)c2ccc(Cl)c(Cl)c2)C(=O)Nc3ccc4[nH]ncc4c3","Inhibition","=",3.88,"%"
"CHEMBL347580",320.34,2.59,58.64,"COc1ccc(cc1)C2=C(N3CCc4ccccc34)C(=O)NC2=O","Inhibition","=",5.62,"%"
"CHEMBL1909384",342.36,-0.81,141.98,"Cl.CCn1c(nc2cncc(C(=O)N3CC[C@H](N)C3)c12)c4nonc4N","Inhibition","=",3.52,"%"
"CHEMBL271595",372.42,0.86,150.79,"NS(=O)(=O)c1ccc(N\C=C\2/C(=O)Nc3ccc4ncsc4c23)cc1","Inhibition","=",15.06,"%"
"CHEMBL1909393",559.08,6.09,99.7,"Cl.[O-][S+]1CCN(Cc2oc(cc2)c3ccc4ncnc(Nc5ccc(OCc6ccccc6)c(Cl)c5)c4c3)CC1","Inhibition","=",8.58,"%"
"CHEMBL231013",228.25,1.18,65.21,"COc1ccc(cc1C(=O)N)c2ccncc2","Inhibition","=",6.43,"%"
"CHEMBL512076",566.05,6.41,125.64,"CCNC(=O)O[C@H]1CN[C@@H](C1)C#Cc2cc3ncnc(Nc4ccc(OCc5cccc(F)c5)c(Cl)c4)c3s2","Inhibition","=",4.55,"%"
"CHEMBL205765",487.91,5.62,89.03,"CC(=O)Nc1cccc(n1)C#Cc2cncnc2Nc3ccc(OCc4cccc(F)c4)c(Cl)c3","Inhibition","=",-2.6,"%"
"CHEMBL1794073",423.49,3.26,127.41,"Cl.CN(c1ccc2c(C)nn(C)c2c1)c3ccnc(Nc4cccc(c4)S(=O)(=O)N)n3","Inhibition","=",19.16,"%"
"CHEMBL1909405",458.45,4.85,58.34,"CN(C)CCCNc1nccc(n1)c2c(nn3cc(ccc23)C(F)(F)F)c4ccc(F)cc4.CS(=O)(=O)O","Inhibition","=",-0.07,"%"
"CHEMBL251549",345.36,2.86,121.61,"NC(=O)c1cccc(Nc2nccc(Nc3cccc4[nH]ncc34)n2)c1","Inhibition","=",15.45,"%"
"CHEMBL1785002",472.51,3.23,107.95,"NC(=O)Cc1ccccc1Oc2nccc(n2)c3c(ncn3C4CCNCC4)c5ccc(F)cc5","Inhibition","=",8.13,"%"
"CHEMBL207410",486.92,5.89,76.14,"CNC(=O)c1cccc(c1)C#Cc2cncnc2Nc3ccc(OCc4cccc(F)c4)c(Cl)c3","Inhibition","=",3.83,"%"
"CHEMBL1909413",313.35,4.01,61.8,"Cl.Oc1cccc(c1)c2nc([nH]c2c3ccncc3)c4ccccc4","Inhibition","=",4.75,"%"
"CHEMBL402108",417.89,4.85,68.02,"Cc1oc(nn1)c2ccc(C)c(c2)c3ccc(cc3)C(=O)NCc4ccc(Cl)cc4","Inhibition","=",0.41,"%"
"CHEMBL495696",313.32,2.71,91.79,"N#Cc1cccc(Nc2nccc(n2)c3cnn4ncccc34)c1","Inhibition","=",18.74,"%"
"CHEMBL514261",519.57,2.33,118.63,"COc1cc(ccc1Nc2nc(Nc3cccc(F)c3C(=O)O)c4cc[nH]c4n2)N5CCN(CC5)C(C)C","Inhibition","=",80.74,"%"
"CHEMBL1909358",452.53,4.2,121.47,"Cl.CCS(=O)(=O)c1ccc(OC)c(Nc2nccc(n2)N(C)c3ccc4c(C)n[nH]c4c3)c1","Inhibition","=",12.37,"%"
"CHEMBL175321",263.29,3.05,49.33,"Oc1ccc2\C(=C\3/C(=O)Nc4ccccc34)\CCc2c1","Inhibition","=",25.36,"%"
"CHEMBL205158",427.5,3.62,76.16,"C(CN1CCOCC1)Oc2ccc(cc2)c3cc(ccn3)c4c[nH]nc4c5ccccn5","Inhibition","=",3.94,"%"
"CHEMBL1909411",357.41,5.03,56.27,"Cl.COc1ccc2ncnc(Nc3ccc(OCc4ccccc4)cc3)c2c1","Inhibition","=",0.87,"%"
"CHEMBL1909370",496.31,4.65,117.37,"Cl.COC(=O)Nc1nc2cc(Oc3ccc(NC(=O)Nc4cccc(Br)c4)cc3)ccc2[nH]1","Inhibition","=",3.65,"%"
"CHEMBL446024",294.24,2.1,68.0,"FC(F)(F)CNc1nccc(n1)c2cnn3ncccc23","Inhibition","=",3.31,"%"
"CHEMBL1909391",542.62,5.64,99.7,"Cl.[O-][S+]1CCN(Cc2oc(cc2)c3ccc4ncnc(Nc5ccc(OCc6ccccc6)c(F)c5)c4c3)CC1","Inhibition","=",4.79,"%"
"CHEMBL477583",374.43,3.75,71.34,"Cc1ccc(NC(=O)c2cocc2)cc1c3ccc(cc3)C(=O)NCC4CC4","Inhibition","=",4.11,"%"
"CHEMBL1909389",596.62,6.11,114.73,"Cl.CS(=O)(=O)CCNCc1oc(cc1)c2ccc3ncnc(Nc4ccc(OCc5ccccc5)c(c4)C(F)(F)F)c3c2","Inhibition","=",4.07,"%"
"CHEMBL220244",296.36,2.81,53.43,"CN(C)C(=O)c1cncc(\C=C\c2c(C)cc(O)cc2C)c1","Inhibition","=",3.57,"%"
"CHEMBL517666",336.43,3.65,58.2,"CCC(=O)Nc1ccc(C)c(c1)c2ccc(cc2)C(=O)NCC3CC3","Inhibition","=",2.14,"%"
"CHEMBL419903",295.31,3.61,57.78,"Fc1ccc(cc1)c2ccc3c(NC(=O)C4CC4)n[nH]c3c2","Inhibition","=",2.06,"%"
"CHEMBL1794061",261.28,3.51,61.85,"Cl.N#Cc1cccc(Nc2oc(cn2)c3ccccc3)c1","Inhibition","=",2.63,"%"
"CHEMBL1909378",384.39,3.45,103.12,"Cl.NC(=O)c1ccc(cc1)c2nc(c3ccccn3)c([nH]2)c4ccc5OCOc5c4","Inhibition","=",2.39,"%"
"CHEMBL458415",483.56,4.38,89.62,"COc1cc2CCN(C(=O)CN(C)C)c2cc1Nc3nc(N4CCc5ccccc45)c6cc[nH]c6n3","Inhibition","=",85.32,"%"
"CHEMBL1909385",528.62,5.17,114.73,"Cl.CS(=O)(=O)CCNCc1oc(cc1)c2ccc3ncnc(Nc4ccc(OCc5ccccc5)cc4)c3c2","Inhibition","=",2.76,"%"
"CHEMBL188381",573.55,5.94,159.94,"CN(c1ccc(NC(=O)Nc2ccc(OC(F)(F)F)cc2)cc1)c3ccnc(Nc4cccc(c4)S(=O)(=O)N)n3","Inhibition","=",4.22,"%"
"CHEMBL506153",330.35,-0.49,136.78,"CCn1c(nc2cncc(C(=O)NCCNC)c12)c3nonc3N","Inhibition","=",4.23,"%"
"CHEMBL1909390",577.07,6.3,99.7,"OC(=O)C(F)(F)F.[O-][S+]1CCN(Cc2oc(cc2)c3ccc4ncnc(Nc5ccc(OCc6cccc(F)c6)c(Cl)c5)c4c3)CC1","Inhibition","=",7.82,"%"
"CHEMBL408732",308.33,2.87,79.89,"COc1ccc(cc1)c2ccc3c(NC(=O)C4CC4)n[nH]c3n2","Inhibition","=",1.76,"%"
"CHEMBL516248",379.43,3.76,107.61,"COc1cccc(COc2cc(sc2C(=O)N)n3cnc4ccccc34)c1","Inhibition","=",2.9,"%"
"CHEMBL1909381",335.36,3.46,113.16,"Cl.Cc1ccc(Nc2ccnc(Nc3cccc(c3)C(=O)N)n2)cc1O","Inhibition","=",10.86,"%"
"CHEMBL176857",502.16,4.88,71.45,"COc1ccccc1c2cc(\C=C\3/C(=O)Nc4ncc(Br)cc34)cc(Br)c2O","Inhibition","=",6.47,"%"
"CHEMBL261129",430.3,3.26,94.14,"CN1CCC(CC1)C(=O)Nc2n[nH]c3nc(c(Br)cc23)c4ccc(O)cc4","Inhibition","=",31.61,"%"
"CHEMBL483747",390.45,3.38,90.66,"NS(=O)(=O)c1cccc(c1)c2cc3ccncc3cc2OCc4ccccc4","Inhibition","=",7.12,"%"
"CHEMBL405021",277.32,3.41,57.78,"O=C(Nc1n[nH]c2cc(ccc12)c3ccccc3)C4CC4","Inhibition","=",4.86,"%"
"CHEMBL479038",334.41,3.07,58.2,"O=C(NCC1CC1)c2ccc(cc2)c3cccc(c3)C(=O)NC4CC4","Inhibition","=",3.12,"%"
"CHEMBL1909343",280.28,1.27,96.45,"OC(=O)C(F)(F)F.O=C(Nc1n[nH]c2nnc(cc12)c3cccnc3)C4CC4","Inhibition","=",1.54,"%"
"CHEMBL1789961",360.37,3.58,97.45,"COc1cc(C=NNc2ncnc3c2cnn3c4ccccc4)ccc1O","Inhibition","=",6.69,"%"
"CHEMBL1794067",487.96,3.75,148.07,"C[C@@H](Oc1cc(sc1C(=O)N)n2cnc3ccc(OC[C@@H](O)CO)cc23)c4ccccc4Cl","Inhibition","=",4.65,"%"
"CHEMBL205966",444.89,5.94,73.06,"Nc1ccc(cc1)C#Cc2cncnc2Nc3ccc(OCc4cccc(F)c4)c(Cl)c3","Inhibition","=",3.34,"%"
"CHEMBL230597",381.45,2.03,123.66,"CS(=O)(=O)Nc1ccc(cc1)c2cc(cc(C(=O)N)c2N)c3ccccc3","Inhibition","=",2.13,"%"
"CHEMBL275473",401.48,3.43,93.05,"CCN(CC)S(=O)(=O)c1ccc(OC)c(Nc2oc(cn2)c3ccccc3)c1","Inhibition","=",4.19,"%"
"CHEMBL303687",358.4,4.3,77.22,"COc1cccc(c1)n2ncc3c(N\N=C\c4ccc(C)cc4)ncnc23","Inhibition","=",22.31,"%"
"CHEMBL518953",428.3,4.52,98.38,"NC(=O)c1sc(cc1OCc2ccccc2Br)n3cnc4ccccc34","Inhibition","=",6.94,"%"
"CHEMBL185238",287.32,3.19,67.34,"Cc1cccc(n1)c2n[nH]cc2c3ccc4ncccc4n3","Inhibition","=",0.57,"%"
"CHEMBL417804",445.49,4.17,74.09,"COc1ccccc1Oc2nccc(n2)c3c(ncn3C4CCNCC4)c5ccc(F)cc5","Inhibition","=",5.39,"%"
"CHEMBL185962",242.24,0.84,95.65,"Nc1nonc1c2nc3cnccc3n2C4CC4","Inhibition","=",0.48,"%"
"CHEMBL103104",330.36,2.36,129.47,"NS(=O)(=O)c1ccc(Nc2cc(n[nH]2)c3cccc(O)c3)cc1","Inhibition","=",7.98,"%"
"CHEMBL396107",481.35,4.44,106.07,"Nc1ncnc2occ(c3ccc(NC(=O)Nc4cc(cc(c4)C(F)(F)F)C(F)(F)F)cc3)c12","Inhibition","=",10.85,"%"
"CHEMBL188240",274.28,1.57,104.88,"CCOc1nccc2c1nc(c3nonc3N)n2CC","Inhibition","=",5.24,"%"
"CHEMBL480382",415.49,3.48,145.07,"COc1cc2ncn(c3cc(OCc4cccs4)c(s3)C(=O)N)c2cc1OC","Inhibition","=",6.72,"%"
"CHEMBL427058",448.83,3.49,86.88,"CC1=C(C(CC(=O)N1)c2ccc(cc2)C(F)(F)F)C(=O)Nc3cc(Cl)c4[nH]ncc4c3","Inhibition","=",2.26,"%"
"CHEMBL2062289",400.43,3.29,86.8,"CCN1CCC(CC(=O)Nc2n[nH]c3nnc(cc23)c4cccc(F)c4F)CC1.OC(C(O)C(=O)O)C(=O)O","Inhibition","=",0.86,"%"
"CHEMBL1909410",614.66,6.01,121.78,"OC(=O)C(F)(F)F.Fc1ccc(F)c(Cn2ccc3cc(Nc4ncnc5cc(C#C[C@@H]6C[C@H](CN6)OC(=O)N7CCOCC7)sc45)ccc23)c1","Inhibition","=",4.73,"%"
"CHEMBL1909366",503.41,5.05,117.37,"Cl.COC(=O)Nc1nc2cc(Oc3cccc(NC(=O)Nc4cc(ccc4F)C(F)(F)F)c3)ccc2[nH]1","Inhibition","=",0.13,"%"
"CHEMBL101804",268.27,2.28,83.81,"O=C(Nc1n[nH]c2nc(ccc12)c3occc3)C4CC4","Inhibition","=",2.65,"%"
"CHEMBL275666",483.46,5.13,64.86,"Fc1ccc(cc1)c2ncn(C3CCNCC3)c2c4ccnc(Oc5cccc(c5)C(F)(F)F)n4","Inhibition","=",5.34,"%"
"CHEMBL513897",481.59,5.64,111.96,"CCCN1CCC=C(C1)c2ccc(Nc3nc(Nc4ccccc4C(=O)N)c5cc[nH]c5n3)c(C)c2","Inhibition","=",82.14,"%"
"CHEMBL475599",603.15,6.32,158.07,"CS(=O)(=O)CCNCc1cc(cs1)c2cc3c(Nc4ccc(OCc5cccc(F)c5)c(Cl)c4)ncnc3s2","Inhibition","=",4.5,"%"
"CHEMBL220243",283.32,3.25,59.42,"COC(=O)c1cncc(\C=C\c2c(C)cc(O)cc2C)c1","Inhibition","=",4.4,"%"
"CHEMBL263796",307.17,3.2,41.99,"CNC(=O)c1cncc(\C=C\c2c(Cl)cccc2Cl)c1","Inhibition","=",9.12,"%"
"CHEMBL275798",415.46,4.19,64.86,"Fc1ccc(cc1)c2ncn(C3CCNCC3)c2c4ccnc(Oc5ccccc5)n4","Inhibition","=",-0.15,"%"
"CHEMBL1909392",607.52,5.92,114.73,"Cl.CS(=O)(=O)CCNCc1oc(cc1)c2ccc3ncnc(Nc4ccc(OCc5ccccc5)c(Br)c4)c3c2","Inhibition","=",1.84,"%"
"CHEMBL188784",468.38,6.13,68.0,"Fc1ccc(Nc2nccc(n2)c3c(nn4ncccc34)c5ccc(cc5)C(F)(F)F)cc1F","Inhibition","=",6.53,"%"
"CHEMBL516908",362.46,3.99,58.2,"Cc1ccc(NC(=O)CC2CC2)cc1c3ccc(cc3)C(=O)NCC4CC4","Inhibition","=",3.58,"%"
"CHEMBL450071",592.66,3.9,150.9,"COc1cc(ccc1Nc2nc(Nc3ccc(F)cc3C(=O)NC[C@@H](O)CO)c4cc[nH]c4n2)N5CCN(CC5)C(C)C","Inhibition","=",69.53,"%"
"CHEMBL524057",280.33,2.53,68.0,"CCc1nn2ncccc2c1c3ccnc(NC4CC4)n3","Inhibition","=",5.07,"%"
"CHEMBL475761",564.07,7.18,94.9,"CN1CCN(Cc2oc(cc2)c3cc4ncnc(Nc5ccc(OCc6cccc(F)c6)c(Cl)c5)c4s3)CC1","Inhibition","=",11.07,"%"
"CHEMBL233001",332.42,4.57,81.13,"O=C(Nc1sc2CCCCc2c1C#N)c3cccc4ccccc34","Inhibition","=",2.25,"%"
"CHEMBL483748",390.45,3.38,90.66,"NS(=O)(=O)c1ccc(cc1)c2cc3ccncc3cc2OCc4ccccc4","Inhibition","=",15.51,"%"
"CHEMBL1882194",373.45,3.6,71.23,"CCN(CC)Cc1ccc(Nc2nccc(n2)c3cnn4ncccc34)cc1","Inhibition","=",24.4,"%"
"CHEMBL237571",483.58,5.36,82.46,"COc1ccc2cc(ccc2c1)c3c(nc(c4ccc(cc4C)S(=O)(=O)C)n3C)c5ccncc5","Inhibition","=",6.27,"%"
"CHEMBL233002",350.41,4.78,81.13,"Fc1ccc(C(=O)Nc2sc3CCCCc3c2C#N)c4ccccc14","Inhibition","=",3.93,"%"
"CHEMBL318728",236.27,3.63,38.06,"N(c1ccccc1)c2oc(cn2)c3ccccc3","Inhibition","=",3.91,"%"
"CHEMBL1785003",486.54,3.68,107.95,"NC(=O)CCc1ccccc1Oc2nccc(n2)c3c(ncn3C4CCNCC4)c5ccc(F)cc5","Inhibition","=",-1.97,"%"
"CHEMBL318892",428.5,4.72,58.87,"CN1CCC(CC1)n2cnc(c3ccc(F)cc3)c2c4ccnc(Nc5ccccc5)n4","Inhibition","=",2.39,"%"
"CHEMBL365248",402.33,5.47,86.46,"COc1ccc2c(cnn2n1)c3ccnc(Nc4cccc(OC(F)(F)F)c4)n3","Inhibition","=",5.73,"%"
"CHEMBL1956068",385.37,3.61,96.21,"COc1ccc2[nH]c3c4[nH]c5ccc(OC)cc5c4c6C(=O)NC(=O)c6c3c2c1","Inhibition","=",58.27,"%"
"CHEMBL418348",493.55,3.72,107.38,"CS(=O)(=O)c1ccc(Oc2nccc(n2)c3c(ncn3C4CCNCC4)c5ccc(F)cc5)cc1","Inhibition","=",3.77,"%"
"CHEMBL95502",394.49,3.05,81.65,"CC1(C)CC(CC(C)(C)N1)n2cnc(c3ccc(F)cc3)c2c4ccnc(N)n4","Inhibition","=",1.55,"%"
"CHEMBL519881",483.52,5.29,92.03,"COc1cc(Nc2ncc3c(C)nc(c4cccc(Oc5ccccc5)c4)n3n2)cc(OC)c1OC","Inhibition","=",12.73,"%"
"CHEMBL1909377",305.33,3.24,49.17,"Cl.C1Cc2nc(c3ccccn3)c(c4ccc5OCOc5c4)n2C1","Inhibition","=",1.4,"%"
"CHEMBL237570",467.58,5.26,76.22,"COc1ccc2cc(ccc2c1)c3c(nc(c4ccc(cc4C)[S+](C)[O-])n3C)c5ccncc5","Inhibition","=",2.15,"%"
"CHEMBL456252",520.61,3.51,169.74,"COc1cc2CCCN(C(=O)CN(C)C)c2cc1Nc3nc(Nc4ccsc4C(=O)N)c5cc[nH]c5n3","Inhibition","=",85.42,"%"
"CHEMBL181361",305.36,3.01,105.82,"Nc1nc(c2ccccn2)c(s1)c3ccc4ncccc4n3","Inhibition","=",4.86,"%"
"CHEMBL506414",467.97,7.4,103.52,"Fc1cccc(COc2ccc(Nc3ncnc4sc(cc34)c5cccs5)cc2Cl)c1","Inhibition","=",0.57,"%"
"CHEMBL188426",430.38,4.63,86.46,"CCOc1ccc2c(cnn2n1)c3ccnc(Nc4cc(OC)cc(c4)C(F)(F)F)n3","Inhibition","=",1.27,"%"
"CHEMBL477182",454.56,4.66,74.33,"Cc1ccc(NC(=O)c2ccnc(c2)N3CCCC3)cc1c4ccc(cc4)C(=O)NCC5CC5","Inhibition","=",5.33,"%"
"CHEMBL495902",291.35,3.18,57.78,"Cc1ccc(cc1c2ccc3[nH]ncc3c2)C(=O)NC4CC4","Inhibition","=",-1.66,"%"
"CHEMBL1794059",315.35,0.78,109.66,"NS(=O)(=O)c1cccc(N\C=C\2/C(=O)Nc3ccccc23)c1","Inhibition","=",12.71,"%"
"CHEMBL1909408",579.67,4.95,134.66,"Cl.O=C(O[C@H]1CN[C@@H](C1)C#Cc2cc3ncnc(Nc4ccc5c(cnn5Cc6ccccc6)c4)c3s2)N7CCOCC7","Inhibition","=",0.05,"%"
"CHEMBL1794055",372.42,0.86,150.79,"NS(=O)(=O)c1ccc(NC=C2C(=O)Nc3ccc4ncsc4c23)cc1","Inhibition","=",32.17,"%"
"CHEMBL1794053",493.17,4.18,116.48,"Cl.Nc1nc(cs1)c2ccc3NC(=O)C(=Cc4cc(Br)c(O)c(Br)c4)c3c2","Inhibition","=",1.3,"%"
"CHEMBL305477",374.4,3.8,86.45,"COc1cccc(\C=N\Nc2ncnc3c2cnn3c4cccc(OC)c4)c1","Inhibition","=",2.63,"%"
"CHEMBL188247",504.46,5.79,86.46,"Cc1ccc2c(c3ccnc(Nc4ccc5OCCOc5c4)n3)c(nn2n1)c6ccc(cc6)C(F)(F)F","Inhibition","=",1.5,"%"
"CHEMBL372474",452.5,5.21,89.81,"CCS(=O)(=O)c1ccc(OC)c(Nc2oc(cn2)c3cccc(c3)c4ccccc4F)c1","Inhibition","=",4.33,"%"
"CHEMBL1909362",497.61,3.21,127.93,"Cl.CN(C)CCNC(=O)Nc1ccc(cc1)N(C)c2ccnc(Nc3ccc(CS(=O)(=O)C)cc3)n2","Inhibition","=",11.73,"%"
"CHEMBL189459",396.42,5.26,68.0,"Cc1ccc2c(c3ccnc(Nc4ccccc4)n3)c(nn2n1)c5ccc(F)cc5","Inhibition","=",5.55,"%"
"CHEMBL397570",300.35,3.87,81.13,"Fc1ccc(cc1)C(=O)Nc2sc3CCCCc3c2C#N","Inhibition","=",1.01,"%"
"CHEMBL428877",443.52,5.13,64.86,"CCc1ccc(Oc2nccc(n2)c3c(ncn3C4CCNCC4)c5ccc(F)cc5)cc1","Inhibition","=",2.02,"%"
"CHEMBL1909396",537.47,5.5,115.3,"Cl.COc1ccc(cc1)c2oc3ncnc(N)c3c2c4ccc(NC(=O)Nc5cc(ccc5F)C(F)(F)F)cc4","Inhibition","=",8.5,"%"
"CHEMBL1909356",613.67,5.72,142.71,"Cl.CS(=O)(=O)CCNCc1nc(cs1)c2ccc3ncnc(Nc4ccc(OCc5cccc(c5)C(F)(F)F)cc4)c3c2","Inhibition","=",6.49,"%"
"CHEMBL442363",373.41,2.93,90.11,"COc1cccc(c1)n2nc(C)c3c(N\N=C(/C)\c4ccncc4)ncnc23","Inhibition","=",1.35,"%"
"CHEMBL273564",413.35,3.5,106.07,"Nc1ncnc2occ(c3ccc(NC(=O)Nc4cccc(c4)C(F)(F)F)cc3)c12","Inhibition","=",21.78,"%"
"CHEMBL1794066",411.46,1.26,137.14,"CCn1c(nc2c(ncc(OC3CCNCC3)c12)C#CC(C)(C)O)c4nonc4N.OC(=O)C(F)(F)F","Inhibition","=",4.92,"%"
"CHEMBL1096626",447.49,3.0,151.13,"CCn1c(nc2c(nc(OC[C@@H](N)c3ccccc3)cc12)C#CC(C)(C)O)c4nonc4N","Inhibition","=",10.18,"%"
"CHEMBL1909349",447.49,3.0,151.13,"CCn1c(nc2c(nc(O[C@@H](CN)c3ccccc3)cc12)C#CC(C)(C)O)c4nonc4N.OC(=O)C(F)(F)F","Inhibition","=",19.62,"%"
"CHEMBL581096",327.38,4.61,58.04,"Cl.Cc1ccc(O)cc1Nc2ccnc3cc(ccc23)c4ccccn4","Inhibition","=",34.14,"%"
"CHEMBL1794068",558.62,5.77,110.85,"C[C@@H](Oc1cc(sc1C(=O)N)n2cnc3ccc(OCC4CCN(C)CC4)cc23)c5ccccc5C(F)(F)F","Inhibition","=",20.84,"%"
"CHEMBL185710",230.23,0.7,95.65,"CCn1c(nc2ccncc12)c3nonc3N","Inhibition","=",1.87,"%"
"CHEMBL243907",445.47,4.85,117.37,"CCc1cccc(NC(=O)Nc2ccc(Oc3ccc4nc(NC(=O)OC)[nH]c4c3)cc2)c1","Inhibition","=",3.68,"%"
"CHEMBL257113",333.38,2.94,68.02,"Cc1oc(nn1)c2cccc(c2)c3ccc(cc3)C(=O)NCC4CC4","Inhibition","=",5.21,"%"
"CHEMBL410072",445.49,0.82,171.36,"CC(C)(CO)CNC(=O)c1ccc2NC(=O)\C(=N/Nc3ccc(cc3)S(=O)(=O)N)\c2c1","Inhibition","=",-1.23,"%"
"CHEMBL206010",344.37,3.28,88.08,"COc1cccc(c1)c2c[nH]c3c(N\N=C\c4ccncc4)ncnc23","Inhibition","=",1.19,"%"
"CHEMBL1909412",376.84,3.78,87.82,"Cl.NCc1ccc(cc1)c2nc(c3ccc(Cl)c(O)c3)c([nH]2)c4ccncc4","Inhibition","=",2.22,"%"
"CHEMBL1895450",529.59,3.04,140.39,"CNC(=O)c1ncccc1Nc2nc(Nc3cc4N(CCCc4cc3OC)C(=O)CN(C)C)nc5[nH]ccc25","Inhibition","=",90.8,"%"
"CHEMBL1794050",472.13,4.35,62.22,"Cl.Oc1c(Br)cc(C=C2C(=O)Nc3ccc(cc23)c4cccnc4)cc1Br","Inhibition","=",9.22,"%"
"CHEMBL268885",416.88,3.22,120.85,"COc1c(cc(cc1c2ccc(cc2)S(=O)(=O)N)c3ccc(Cl)cc3)C(=O)N","Inhibition","=",7.26,"%"
"CHEMBL66292",422.46,3.34,119.74,"COc1cccc(c1)n2ncc3c(N\N=C\c4ccc(cc4)S(=O)(=O)C)ncnc23","Inhibition","=",-1.6,"%"
"CHEMBL179311",388.44,3.47,99.04,"CCS(=O)(=O)c1ccc(OC)c(Nc2oc(cn2)c3cccc(OC)c3)c1","Inhibition","=",8.1,"%"
"CHEMBL468963",454.45,3.89,74.48,"CN1CCN(CC1)c2ccc(Nc3nccc(n3)c4cnn5ncccc45)cc2C(F)(F)F","Inhibition","=",62.85,"%"
"CHEMBL218970",272.73,2.54,41.99,"CNC(=O)c1cncc(\C=C\c2ccccc2Cl)c1","Inhibition","=",0.92,"%"
"CHEMBL1909382",323.32,3.42,92.93,"Cl.NC(=O)c1cccc(Nc2nccc(Nc3cccc(F)c3)n2)c1","Inhibition","=",10.08,"%"
"CHEMBL269827",383.38,0.94,148.06,"NS(=O)(=O)c1ccc(N\N=C\2/C(=O)Nc3ccc(cc23)c4ocnc4)cc1","Inhibition","=",-0.11,"%"
"CHEMBL359999",348.36,2.8,86.46,"COc1cc(Nc2nccc(n2)c3cnn4ncccc34)cc(OC)c1","Inhibition","=",44.76,"%"
"CHEMBL1909357",311.34,3.69,76.5,"Cl.COc1cc2ncnc(Nc3ccc(C)c(O)c3)c2cc1OC","Inhibition","=",13.84,"%"
"CHEMBL157258",383.61,3.93,78.43,"Oc1c(Cl)cc(NC2=C(C(=O)NC2=O)c3ccccc3Cl)cc1Cl","Inhibition","=",3.85,"%"
"CHEMBL67241",372.43,3.37,92.91,"CCCNc1cccc(c1)n2ncc3c(N\N=C\c4ccncc4)ncnc23","Inhibition","=",3.35,"%"
"CHEMBL1909353",343.38,4.02,80.48,"Cl.Cc1cc(cc(C)c1\C=C\c2cncc(c2)c3nn[nH]n3)c4occc4","Inhibition","=",2.74,"%"
"CHEMBL514162",443.9,4.41,116.83,"COc1cc2ncn(c3cc(OCc4ccccc4Cl)c(s3)C(=O)N)c2cc1OC","Inhibition","=",5.8,"%"
"CHEMBL194062",315.35,2.33,106.6,"NS(=O)(=O)c1ccc(Nc2oc(cn2)c3ccccc3)cc1","Inhibition","=",6.29,"%"
"CHEMBL480371",496.3,5.47,98.38,"NC(=O)c1sc(cc1OCc2ccccc2Br)n3cnc4cc(ccc34)C(F)(F)F","Inhibition","=",1.22,"%"
"CHEMBL271843",330.36,1.72,122.03,"Cc1ccc2NC(=O)\C(=N/Nc3ccc(cc3)S(=O)(=O)N)\c2c1","Inhibition","=",2.77,"%"
"CHEMBL1789963",400.21,4.62,79.54,"Oc1c(Cl)cc(C=C2C(=O)Nc3ccc(cc23)C(=O)c4occc4)cc1Cl","Inhibition","=",20.77,"%"
"CHEMBL269985",413.47,4.17,77.25,"COc1ccc(CNC(=O)c2ccc(cc2)c3cc(ccc3C)c4oc(C)nn4)cc1","Inhibition","=",-0.53,"%"
"CHEMBL208437",408.46,3.54,81.51,"C(Cn1ccnc1)Oc2ccc(cc2)c3cc(ccn3)c4c[nH]nc4c5ccccn5","Inhibition","=",3.68,"%"
"CHEMBL1909400",443.52,5.16,64.86,"Cc1cccc(Oc2nccc(n2)c3c(ncn3C4CCNCC4)c5ccc(F)cc5)c1C.OC(=O)C(F)(F)F","Inhibition","=",4.68,"%"
"CHEMBL1909352",293.32,2.87,87.58,"Cl.Cc1cc(O)cc(C)c1\C=C\c2cncc(c2)c3nn[nH]n3","Inhibition","=",4.03,"%"
"CHEMBL405042",329.37,1.29,109.66,"C\C(=C/1\C(=O)Nc2ccccc12)\Nc3ccc(cc3)S(=O)(=O)N","Inhibition","=",14.24,"%"
"CHEMBL426800",247.23,2.06,82.76,"CCn1c(nc2ccc(F)cc12)c3nonc3N","Inhibition","=",5.27,"%"
"CHEMBL529066",563.07,5.84,114.73,"Cl.CS(=O)(=O)CCNCc1oc(cc1)c2ccc3ncnc(Nc4ccc(OCc5ccccc5)c(Cl)c4)c3c2","Inhibition","=",4.89,"%"
"CHEMBL270164",394.43,4.06,91.81,"Cc1oc(nn1)c2ccc(C)c(c2)c3ccc(cc3)C(=O)Nc4cccc(c4)C#N","Inhibition","=",2.36,"%"
"CHEMBL1909407",338.38,1.88,81.65,"Cl.Nc1nccc(n1)c2c(ncn2C3CCNCC3)c4ccc(F)cc4","Inhibition","=",-1.85,"%"
"CHEMBL66004",284.27,1.79,108.31,"COc1cc(\C=N\Nc2ncnc3[nH]ncc23)ccc1O","Inhibition","=",8.84,"%"
"CHEMBL185962",242.24,0.84,95.65,"Nc1nonc1c2nc3cnccc3n2C4CC4","Inhibition","=",5.84,"%"
"CHEMBL477069",517.6,5.53,121.19,"CCCN1CCCC(C1)c2ccc(Nc3nc(Nc4cc(F)ccc4C(=O)N)c5cc[nH]c5n3)c(OC)c2","Inhibition","=",86.26,"%"
"CHEMBL230592",453.53,3.11,100.88,"CNC(=O)c1cc(cc(c1N)c2ccc(cc2)S(=O)(=O)N3CCCC3)c4ccc(F)cc4","Inhibition","=",2.88,"%"
"CHEMBL1794070",511.04,4.91,110.85,"C[C@@H](Oc1cc(sc1C(=O)N)n2cnc3ccc(OC4CCN(C)CC4)cc23)c5ccccc5Cl","Inhibition","=",5.48,"%"
"CHEMBL485745",289.31,3.58,30.19,"Fc1ccc(cc1)c2nn3ccccc3c2c4ccncc4","Inhibition","=",1.88,"%"
"CHEMBL1909350",385.42,1.82,137.14,"Cl.CCn1c(nc2c(nc(OCCNC)cc12)C#CC(C)(C)O)c3nonc3N","Inhibition","=",3.58,"%"
"CHEMBL1909395",643.13,7.62,114.73,"Cl.Fc1cccc(COc2ccc(Nc3ncnc4ccc(cc34)c5oc(CNCCS(=O)(=O)c6ccccc6)cc5)cc2Cl)c1","Inhibition","=",6.67,"%"
"CHEMBL1794071",373.45,2.81,86.19,"Cl.ON=C1CCc2cc(ccc12)c3nc([nH]c3c4ccncc4)C5CCNCC5","Inhibition","=",4.92,"%"
"CHEMBL179465",376.4,3.69,89.81,"CCS(=O)(=O)c1ccc(OC)c(Nc2oc(cn2)c3cccc(F)c3)c1","Inhibition","=",7.35,"%"
"CHEMBL517171",568.04,5.53,130.41,"CCCN1CCC(CC1)Oc2cc(Nc3nc(Nc4cccc(F)c4C(=O)N)c5cc[nH]c5n3)c(OC)cc2Cl","Inhibition","=",78.19,"%"
"CHEMBL1794062",266.29,3.61,47.29,"Cl.COc1ccccc1Nc2oc(cn2)c3ccccc3","Inhibition","=",9.47,"%"
"CHEMBL1909407",338.38,1.88,81.65,"Cl.Nc1nccc(n1)c2c(ncn2C3CCNCC3)c4ccc(F)cc4","Inhibition","=",1.82,"%"
"CHEMBL204934",345.36,2.54,90.11,"COc1cccc(c1)n2cnc3c(N\N=C\c4ccncc4)ncnc23","Inhibition","=",-4.64,"%"
"CHEMBL183993",400.36,4.64,77.23,"CCOc1ccc2c(cnn2n1)c3ccnc(Nc4cccc(c4)C(F)(F)F)n3","Inhibition","=",3.1,"%"
"CHEMBL521806",457.93,4.78,116.83,"COc1cc2ncn(c3cc(O[C@@H](C)c4ccccc4Cl)c(s3)C(=O)N)c2cc1OC","Inhibition","=",6.34,"%"
"CHEMBL471789",476.47,5.42,90.82,"COc1cc2ncn(c3cc(OCc4ccccc4C(F)(F)F)c(s3)C(=O)C)c2cc1OC","Inhibition","=",3.72,"%"
"CHEMBL1909401",459.47,1.12,102.16,"[Li+].[O-]C(=O)c1ccc(Oc2nccc(n2)c3c(ncn3C4CCNCC4)c5ccc(F)cc5)cc1","Inhibition","=",5.07,"%"
"CHEMBL1909379",351.4,4.95,66.49,"Cl.C(c1ccccc1)c2nc3ccc(Nc4ncnc5ccccc45)cc3[nH]2","Inhibition","=",5.36,"%"
"CHEMBL463931",548.66,3.96,169.74,"COc1cc2c(cc1Nc3nc(Nc4ccsc4C(=O)N)c5cc[nH]c5n3)N(CCC2(C)C)C(=O)CN(C)C","Inhibition","=",78.54,"%"
"CHEMBL273611",459.47,3.96,83.32,"Fc1ccc(cc1)c2ncn(C3CCNCC3)c2c4ccnc(Oc5ccc6OCOc6c5)n4","Inhibition","=",6.26,"%"
"CHEMBL482326",505.51,5.1,94.06,"COc1cc2ncn(c3cc(OCc4ccccc4C(F)(F)F)c(s3)C(=O)N(C)C)c2cc1OC","Inhibition","=",0.78,"%"
"CHEMBL1909374",549.48,6.07,108.14,"Cl.Fc1ccc(cc1NC(=O)Nc2ccc(Oc3ccc4[nH]c(NC(=O)c5ccccc5)nc4c3)cc2)C(F)(F)F","Inhibition","=",6.42,"%"
"CHEMBL1909365",519.47,5.61,133.44,"COC(=O)Nc1nc2ccc(Sc3ccc(NC(=O)Nc4cc(ccc4F)C(F)(F)F)cc3)cc2[nH]1.OS(=O)(=O)O","Inhibition","=",2.57,"%"
"CHEMBL231623",307.32,2.18,82.0,"NC(=O)c1cc(cc(c1N)c2ccncc2)c3ccc(F)cc3","Inhibition","=",4.91,"%"
"CHEMBL65884",362.36,4.02,77.22,"COc1cccc(c1)n2ncc3c(N\N=C\c4ccc(F)cc4)ncnc23","Inhibition","=",3.76,"%"
"CHEMBL218859",266.34,2.85,41.99,"CNC(=O)c1cncc(\C=C\c2c(C)cccc2C)c1","Inhibition","=",-1.77,"%"
"CHEMBL1909375",411.46,1.77,137.14,"CCn1c(nc2c(ncc(OC[C@@H]3CCCN3)c12)C#CC(C)(C)O)c4nonc4N.OC(=O)C(F)(F)F","Inhibition","=",1.45,"%"
"CHEMBL156987",377.18,3.13,95.5,"OC(=O)c1cc(NC2=C(C(=O)NC2=O)c3cccc(Cl)c3)ccc1Cl","Inhibition","=",3.05,"%"
"CHEMBL466412",566.05,6.27,116.85,"CN(C)C(=O)O[C@@H]1CN[C@H](C1)C#Cc2cc3ncnc(Nc4ccc(OCc5cccc(F)c5)c(Cl)c4)c3s2","Inhibition","=",1.3,"%"
"CHEMBL385426",294.39,3.76,41.99,"CCc1cccc(CC)c1\C=C\c2cncc(c2)C(=O)NC","Inhibition","=",4.03,"%"
"CHEMBL365072",258.28,1.65,95.65,"CCc1nccc2c1nc(c3nonc3N)n2CC","Inhibition","=",0.3,"%"
"CHEMBL270544",370.43,2.64,122.03,"CC(=Cc1cccc2NC(=O)\C(=N/Nc3ccc(cc3)S(=O)(=O)N)\c12)C","Inhibition","=",10.38,"%"
"CHEMBL1909380",411.46,4.88,74.09,"Cl.COc1cc2ncnc(Nc3ccc4c(cnn4Cc5ccccc5)c3)c2cc1OC","Inhibition","=",3.06,"%"
"CHEMBL513330",336.78,3.34,68.0,"Clc1ccc(CNc2nccc(n2)c3cnn4ncccc34)cc1","Inhibition","=",3.1,"%"
"CHEMBL272028",453.47,0.38,179.81,"NS(=O)(=O)c1ccc(N\N=C\2/C(=O)Nc3ccc(cc23)C(=O)NCCc4c[nH]cn4)cc1","Inhibition","=",12.93,"%"
"CHEMBL443563",326.35,3.58,65.75,"COc1cc(Nc2oc(cn2)c3ccccc3)cc(OC)c1OC","Inhibition","=",-0.68,"%"
"CHEMBL514499",477.46,4.68,116.83,"COc1cc2ncn(c3cc(OCc4ccccc4C(F)(F)F)c(s3)C(=O)N)c2cc1OC","Inhibition","=",5.04,"%"
"CHEMBL234838",300.35,3.87,81.13,"Fc1ccccc1C(=O)Nc2sc3CCCCc3c2C#N","Inhibition","=",1.02,"%"
"CHEMBL266707",297.35,3.64,56.01,"Fc1ccc(cc1)c2c(nc3SCCn23)c4ccncc4","Inhibition","=",-1.88,"%"
"CHEMBL215814",614.61,6.32,114.73,"CS(=O)(=O)CCNCc1oc(cc1)c2ccc3ncnc(Nc4ccc(OCc5cccc(F)c5)c(c4)C(F)(F)F)c3c2","Inhibition","=",2.6,"%"
"CHEMBL427159",430.41,5.17,77.23,"COc1ccc(cc1)c2nn3ncccc3c2c4ccnc(Nc5ccc(F)c(F)c5)n4","Inhibition","=",8.04,"%"
"CHEMBL63728",326.35,2.73,97.45,"COc1cc(\C=N\Nc2ncnc3c2cnn3C(C)C)ccc1O","Inhibition","=",4.12,"%"
"CHEMBL1909369",520.46,5.62,129.82,"Cl.COC(=O)Nc1nc2ccc(Oc3ccc(NC(=O)Nc4cc(ccc4F)C(F)(F)F)cc3)cc2s1","Inhibition","=",6.26,"%"
"CHEMBL205798",486.92,5.81,76.14,"CC(=O)Nc1cccc(c1)C#Cc2cncnc2Nc3ccc(OCc4cccc(F)c4)c(Cl)c3","Inhibition","=",6.45,"%"
"CHEMBL524901",339.39,0.98,80.47,"C(CNc1nccc(n1)c2cnn3ncccc23)CN4CCOCC4","Inhibition","=",3.78,"%"
"CHEMBL517123",566.05,6.27,116.85,"CN(C)C(=O)O[C@H]1CN[C@@H](C1)C#Cc2cc3ncnc(Nc4ccc(OCc5cccc(F)c5)c(Cl)c4)c3s2","Inhibition","=",5.03,"%"
"CHEMBL188257",452.46,4.55,95.69,"COc1ccc(cc1)c2nn3ncccc3c2c4ccnc(Nc5ccc6OCCOc6c5)n4","Inhibition","=",35.24,"%"
"CHEMBL485598",494.44,3.99,95.05,"CC1=C(C(N=C(N1)c2ccc(nc2)C(F)(F)F)c3ccc(F)cc3)C(=O)Nc4ccc5[nH]ncc5c4","Inhibition","=",4.29,"%"
"CHEMBL361894",346.34,2.62,86.46,"C1COc2cc(Nc3nccc(n3)c4cnn5ncccc45)ccc2O1","Inhibition","=",31.72,"%"
"CHEMBL275200",471.57,5.59,64.86,"CC(C)(C)c1ccc(Oc2nccc(n2)c3c(ncn3C4CCNCC4)c5ccc(F)cc5)cc1","Inhibition","=",3.19,"%"
"CHEMBL458865",518.59,4.74,124.43,"COc1cc(ccc1Nc2nc(Nc3ccc(F)cc3C(=O)N)c4cc[nH]c4n2)N5CCN(CC5)C(C)C","Inhibition","=",88.84,"%"
"CHEMBL505187",528.6,5.9,96.86,"CCn1cc(c2ccnc3[nH]ccc23)c(n1)c4cccc(NC(=O)Nc5ccc(OCc6ccccc6)cc5)c4","Inhibition","=",0.71,"%"
"CHEMBL1909394",623.14,7.45,105.94,"Cl.CCCN(CCS(=O)(=O)C)Cc1oc(cc1)c2ccc3ncnc(Nc4ccc(OCc5cccc(F)c5)c(Cl)c4)c3c2","Inhibition","=",4.89,"%"
"CHEMBL467581",520.56,3.71,141.5,"COc1cc(C)c(cc1Nc2nc(Nc3cccc(F)c3C(=O)N)c4cc[nH]c4n2)N(C)C(=O)CN(C)C","Inhibition","=",69.91,"%"
"CHEMBL14014",433.45,4.4,64.86,"Fc1ccc(cc1)c2ncn(C3CCNCC3)c2c4ccnc(Oc5cccc(F)c5)n4","Inhibition","=",4.16,"%"
"CHEMBL517507",362.46,4.02,58.2,"Cc1ccc(cc1c2ccc(cc2)C(=O)NCC3CC3)C(=O)NC4CCC4","Inhibition","=",3.48,"%"
"CHEMBL222419",457.93,4.78,116.83,"COc1cc2ncn(c3cc(O[C@H](C)c4ccccc4Cl)c(s3)C(=O)N)c2cc1OC","Inhibition","=",19.03,"%"
"CHEMBL160937",314.72,2.6,78.43,"Oc1cccc(NC2=C(C(=O)NC2=O)c3ccccc3Cl)c1","Inhibition","=",4.74,"%"
"CHEMBL486124",352.43,1.92,67.58,"Cc1nc(c2ccccc2)n3nc(NCCCN4CCOCC4)ncc13","Inhibition","=",4.11,"%"
"CHEMBL1909402",373.31,4.1,69.09,"Nc1nccc(n1)c2c(nn3cc(ccc23)C(F)(F)F)c4ccc(F)cc4","Inhibition","=",5.16,"%"
"CHEMBL1096634",447.49,3.0,151.13,"CCn1c(nc2c(nc(OC[C@H](N)c3ccccc3)cc12)C#CC(C)(C)O)c4nonc4N","Inhibition","=",9.07,"%"
"CHEMBL30432",395.46,4.46,71.76,"CN(C)c1cc2c(Nc3ccc4c(cnn4Cc5ccccc5)c3)ncnc2cn1","Inhibition","=",4.13,"%"
"CHEMBL188794",496.87,6.37,77.23,"COc1ccc(cc1)c2nn3ncccc3c2c4ccnc(Nc5ccc(Cl)c(c5)C(F)(F)F)n4","Inhibition","=",2.05,"%"
"CHEMBL517907",438.54,4.43,101.59,"CS(=O)(=O)CCNCCCCOc1ccc2ncnc(Nc3cccc(c3)C#C)c2c1","Inhibition","=",31.9,"%"
"CHEMBL473629",423.48,4.06,116.83,"COc1cc2ncn(c3cc(OCCc4ccccc4)c(s3)C(=O)N)c2cc1OC","Inhibition","=",5.89,"%"
"CHEMBL188048",216.2,0.35,95.65,"Cn1c(nc2cnccc12)c3nonc3N","Inhibition","=",3.93,"%"
"CHEMBL1909406",297.35,3.64,56.01,"Cl.Fc1ccc(cc1)c2nc3SCCn3c2c4ccncc4","Inhibition","=",0.29,"%"
"CHEMBL1794058",329.37,0.98,95.68,"CS(=O)(=O)Nc1ccc(N\C=C\2/C(=O)Nc3ccccc23)cc1","Inhibition","=",5.88,"%"
"CHEMBL272414",358.41,0.94,112.91,"CN(C)c1ccc2NC(=O)\C(=C/Nc3ccc(cc3)S(=O)(=O)N)\c2c1","Inhibition","=",8.32,"%"
"CHEMBL230911",289.33,1.97,82.0,"NC(=O)c1cc(cc(c1N)c2ccccc2)c3ccncc3","Inhibition","=",5.19,"%"
"CHEMBL218969",252.31,2.36,41.99,"CNC(=O)c1cncc(\C=C\c2ccccc2C)c1","Inhibition","=",4.22,"%"
"CHEMBL373073",241.25,2.14,74.17,"COc1ccc(cc1)c2oc3ncnc(N)c3c2","Inhibition","=",1.1,"%"
"CHEMBL1909345",386.4,3.05,86.8,"Cl.CCN1CCC(CC1)C(=O)Nc2n[nH]c3nnc(cc23)c4cccc(F)c4F","Inhibition","=",1.71,"%"
"CHEMBL434729",446.43,6.0,68.0,"Cc1ccc2c(c3ccnc(Nc4cccc(c4)C(F)(F)F)n3)c(nn2n1)c5ccccc5","Inhibition","=",3.77,"%"
"CHEMBL189353",571.48,5.97,124.7,"CN(c1ccc(NC(=O)Nc2c(Cl)cccc2Cl)cc1)c3ccnc(Nc4cccc(CS(=O)(=O)C)c4)n3","Inhibition","=",4.6,"%"
"CHEMBL473420",492.47,5.54,100.05,"COC(=O)c1sc(cc1OCc2ccccc2C(F)(F)F)n3cnc4cc(OC)c(OC)cc34","Inhibition","=",12.36,"%"
"CHEMBL271594",358.41,2.43,122.03,"CC(C)c1ccc2\C(=N/Nc3ccc(cc3)S(=O)(=O)N)\C(=O)Nc2c1","Inhibition","=",2.81,"%"
"CHEMBL1909397",364.81,2.39,122.03,"Cc1cc(Cl)cc2C(=NNc3ccc(cc3)S(=O)(=O)N)C(=O)Nc12","Inhibition","=",1.88,"%"
"CHEMBL384407",620.09,6.31,129.73,"CS(=O)(=O)CCN(CC#N)Cc1oc(cc1)c2ccc3ncnc(Nc4ccc(OCc5cccc(F)c5)c(Cl)c4)c3c2","Inhibition","=",-0.48,"%"
"CHEMBL441702",396.44,2.79,86.88,"CC1=C(C(CC(=O)N1)c2ccc3ccccc3c2)C(=O)Nc4ccc5[nH]ncc5c4","Inhibition","=",7.11,"%"
"CHEMBL507329",608.08,5.95,126.08,"Fc1cccc(COc2ccc(Nc3ncnc4cc(C#C[C@@H]5C[C@H](CN5)OC(=O)N6CCOCC6)sc34)cc2Cl)c1","Inhibition","=",6.43,"%"
"CHEMBL267228",371.39,3.84,80.26,"OCc1ccc(cc1)c2nc(c3ccccn3)c([nH]2)c4ccc5OCOc5c4","Inhibition","=",8.19,"%"
"CHEMBL384073",365.36,1.84,98.91,"CC1=C(C(NC(=O)N1)c2ccc(F)cc2)C(=O)Nc3ccc4[nH]ncc4c3","Inhibition","=",3.89,"%"
"CHEMBL196022",241.25,1.85,74.17,"COc1ccc(cc1)c2coc3ncnc(N)c23","Inhibition","=",3.97,"%"
"CHEMBL477979",350.45,3.8,58.2,"CC(C)NC(=O)c1ccc(C)c(c1)c2ccc(cc2)C(=O)NCC3CC3","Inhibition","=",-3.45,"%"
"CHEMBL272026",467.5,0.25,168.95,"NS(=O)(=O)c1ccc(N\N=C\2/C(=O)Nc3ccc(cc23)C(=O)NCCCn4ccnc4)cc1","Inhibition","=",11.1,"%"
"CHEMBL495771",337.38,1.97,80.47,"C1CN(CCO1)c2ccc3c(cnn3n2)c4ccnc(NC5CC5)n4","Inhibition","=",9.86,"%"
"CHEMBL1909354",354.41,3.9,80.23,"Cl.Cc1cc(cc(C)c1\C=C\c2cncc(c2)c3nn[nH]n3)c4ccccn4","Inhibition","=",5.05,"%"
"CHEMBL176553",296.32,3.6,56.52,"COc1cc(Nc2oc(cn2)c3ccccc3)cc(OC)c1","Inhibition","=",4.06,"%"
"CHEMBL275724",458.49,3.19,107.95,"NC(=O)c1ccc(Oc2nccc(n2)c3c(ncn3C4CCNCC4)c5ccc(F)cc5)cc1","Inhibition","=",4.45,"%"
"CHEMBL269450",433.45,4.4,64.86,"Fc1ccc(Oc2nccc(n2)c3c(ncn3C4CCNCC4)c5ccc(F)cc5)cc1","Inhibition","=",0.66,"%"
"CHEMBL270054",350.78,1.9,122.03,"NS(=O)(=O)c1ccc(N\N=C\2/C(=O)Nc3ccc(Cl)cc23)cc1","Inhibition","=",5.53,"%"
"CHEMBL477978",390.52,4.93,58.2,"Cc1ccc(cc1c2ccc(cc2)C(=O)NCC3CC3)C(=O)NC4CCCCC4","Inhibition","=",4.07,"%"
"CHEMBL493326",427.9,4.8,107.6,"COc1ccc2ncn(c3cc(O[C@H](C)c4ccccc4Cl)c(s3)C(=O)N)c2c1","Inhibition","=",0.59,"%"
"CHEMBL187081",318.33,2.81,77.23,"COc1cccc(Nc2nccc(n2)c3cnn4ncccc34)c1","Inhibition","=",32.32,"%"
"CHEMBL511765",506.53,3.51,150.29,"COc1cc(C)c(NC(=O)CN(C)C)cc1Nc2nc(Nc3cccc(F)c3C(=O)N)c4cc[nH]c4n2","Inhibition","=",88.91,"%"
"CHEMBL476259",517.6,5.46,121.19,"CCCN1CCC(CC1)c2ccc(Nc3nc(Nc4cc(F)ccc4C(=O)N)c5cc[nH]c5n3)c(OC)c2","Inhibition","=",86.58,"%"
"CHEMBL275168",449.91,4.86,64.86,"Fc1ccc(cc1)c2ncn(C3CCNCC3)c2c4ccnc(Oc5ccc(Cl)cc5)n4","Inhibition","=",1.34,"%"
"CHEMBL481510",496.3,5.47,98.38,"NC(=O)c1sc(cc1OCc2ccccc2Br)n3cnc4ccc(cc34)C(F)(F)F","Inhibition","=",3.73,"%"
"CHEMBL215993",393.44,5.96,60.18,"C(Oc1ccc(Nc2ncnc3ccc(cc23)c4occc4)cc1)c5ccccc5","Inhibition","=",2.45,"%"
"CHEMBL179453",392.86,4.15,89.81,"CCS(=O)(=O)c1ccc(OC)c(Nc2oc(cn2)c3ccccc3Cl)c1","Inhibition","=",5.19,"%"
"CHEMBL518968",491.48,4.89,102.85,"CNC(=O)c1sc(cc1OCc2ccccc2C(F)(F)F)n3cnc4cc(OC)c(OC)cc34","Inhibition","=",5.76,"%"
"CHEMBL1909363",570.6,3.39,155.68,"Cl.CCn1c(nc2cnc(Oc3cccc(NC(=O)c4ccc(OCCN5CCOCC5)cc4)c3)cc12)c6nonc6N","Inhibition","=",3.72,"%"
"CHEMBL374060",325.4,4.18,59.42,"Cc1cc(O)cc(C)c1\C=C\c2cncc(c2)C(=O)OC(C)(C)C","Inhibition","=",5.54,"%"
"CHEMBL1516890",275.3,2.51,46.92,"Cn1cc(C=C2C(=O)Nc3cccnc23)c4ccccc14","Inhibition","=",9.81,"%"
"CHEMBL191705",400.45,3.23,106.88,"CCS(=O)(=O)c1ccc(OC)c(Nc2oc(cn2)c3cccc(c3)C(=O)C)c1","Inhibition","=",2.87,"%"
"CHEMBL1794064",356.38,0.04,156.91,"CCn1c(nc2c(ncc(OCCCN)c12)C#CCN)c3nonc3N.OC(=O)C(F)(F)F","Inhibition","=",-0.9,"%"
"CHEMBL269883",415.46,1.82,135.96,"CC(C)COC(=O)c1ccc2NC(=O)\C(=C/Nc3ccc(cc3)S(=O)(=O)N)\c2c1","Inhibition","=",4.93,"%"
"CHEMBL365286",229.24,1.85,82.76,"CCn1c(nc2ccccc12)c3nonc3N","Inhibition","=",8.1,"%"
"CHEMBL399410",453.56,4.78,76.22,"COc1ccc2cc(ccc2c1)c3c(nc(c4ccc(cc4)[S+](C)[O-])n3C)c5ccncc5","Inhibition","=",3.57,"%"
"CHEMBL458438",508.62,5.72,94.22,"COc1cc(ccc1Nc2nc(Nc3cccc4ncccc34)c5cc[nH]c5n2)N6CCN(CC6)C(C)C","Inhibition","=",86.33,"%"
"CHEMBL373751",469.53,4.15,140.06,"COc1cc2ncn(c3cc(OCc4ccccc4S(=O)(=O)C)c(C#N)s3)c2cc1OC","Inhibition","=",9.85,"%"
"CHEMBL520037",459.42,4.67,82.8,"COc1cc(Nc2ncc3c(C)nc(c4cccc(c4)C(F)(F)F)n3n2)cc(OC)c1OC","Inhibition","=",6.97,"%"
"CHEMBL306865",345.36,2.67,90.11,"COc1cccc(c1)n2ncc3c(N\N=C\c4ccncc4)ncnc23","Inhibition","=",7.96,"%"
"CHEMBL1880739",520.94,4.56,49.33,"Oc1c(Br)cc(C=C2C(=O)Nc3ccc(I)cc23)cc1Br","Inhibition","=",4.7,"%"
"CHEMBL1909414",453.54,4.5,86.63,"O.Cl.CN(C)CCOc1ccc(cc1)c2nc(c3ccncc3)c([nH]2)c4ccc5\C(=N\O)\CCc5c4","Inhibition","=",8.67,"%"
"CHEMBL1794057",292.29,0.94,82.26,"O=C1Nc2ccc(N\C=C\3/C(=O)Nc4ccccc34)cc2N1","Inhibition","=",16.42,"%"
"CHEMBL408564",347.17,3.03,83.81,"Brc1cc2c(NC(=O)C3CC3)n[nH]c2nc1c4occc4","Inhibition","=",4.4,"%"
"CHEMBL272165",450.47,0.88,164.02,"NS(=O)(=O)c1ccc(N\N=C\2/C(=O)Nc3ccc(cc23)C(=O)NCc4ccncc4)cc1","Inhibition","=",4.24,"%"
"CHEMBL192417",250.3,4.12,38.06,"Cc1cccc(Nc2oc(cn2)c3ccccc3)c1","Inhibition","=",4.76,"%"
"CHEMBL1794072",453.53,5.18,71.09,"Cl.CN(C)CCOc1ccc(cc1)c2oc(c3ccncc3)c(c2)c4ccc5C(=NO)CCc5c4","Inhibition","=",-0.08,"%"
"CHEMBL1909372",585.6,5.26,97.54,"Cl.CN1CCN(CCCNc2nc3ccc(Oc4ccc(NC(=O)Nc5cc(ccc5F)C(F)(F)F)cc4)cc3[nH]2)CC1","Inhibition","=",0.57,"%"
"CHEMBL160333",349.17,3.26,78.43,"Oc1ccc(NC2=C(C(=O)NC2=O)c3cccc(Cl)c3)cc1Cl","Inhibition","=",4.45,"%"
"CHEMBL1909367",551.47,4.59,150.65,"Cl.COC(=O)Nc1nc2ccc(cc2[nH]1)S(=O)(=O)c3ccc(NC(=O)Nc4cc(ccc4F)C(F)(F)F)cc3","Inhibition","=",3.54,"%"
"CHEMBL185939",490.44,5.51,86.46,"FC(F)(F)c1ccc(cc1)c2nn3ncccc3c2c4ccnc(Nc5ccc6OCCOc6c5)n4","Inhibition","=",1.59,"%"
"CHEMBL1909344",336.39,2.29,86.8,"Cl.CN1CCC(CC1)C(=O)Nc2n[nH]c3nnc(cc23)c4ccccc4","Inhibition","=",6.61,"%"
"CHEMBL186213",462.43,5.7,77.23,"COc1ccc(cc1)c2nn3ncccc3c2c4ccnc(Nc5cccc(c5)C(F)(F)F)n4","Inhibition","=",5.15,"%"
"CHEMBL261849",366.41,3.13,105.51,"COc1ccc(COc2ccc(Cc3cnc(N)nc3N)cc2OC)cc1","Inhibition","=",0.01,"%"
"CHEMBL1909376",342.36,-0.47,127.99,"Cl.CCn1c(nc2cncc(C(=O)N3CCNCC3)c12)c4nonc4N","Inhibition","=",5.18,"%"
"CHEMBL362155",490.44,5.51,86.46,"FC(F)(F)c1cccc(c1)c2nn3ncccc3c2c4ccnc(Nc5ccc6OCCOc6c5)n4","Inhibition","=",3.89,"%"
"CHEMBL1794060",296.32,3.6,56.52,"Cl.COc1ccc(Nc2oc(cn2)c3ccccc3)cc1OC","Inhibition","=",4.78,"%"
"CHEMBL69757",362.36,4.02,77.22,"COc1cccc(c1)n2ncc3c(N\N=C\c4cccc(F)c4)ncnc23","Inhibition","=",-1.21,"%"
"CHEMBL103115",348.35,2.56,129.47,"NS(=O)(=O)c1ccc(Nc2cc(n[nH]2)c3ccc(O)c(F)c3)cc1","Inhibition","=",8.38,"%"
"CHEMBL13972",440.47,4.07,88.65,"Fc1ccc(cc1)c2ncn(C3CCNCC3)c2c4ccnc(Oc5ccc(cc5)C#N)n4","Inhibition","=",5.33,"%"
"CHEMBL1909351",332.35,2.81,109.25,"Cl.NS(=O)(=O)c1cccc(Nc2cc(n[nH]2)c3ccc(F)cc3)c1","Inhibition","=",2.54,"%"
"CHEMBL1794069",525.06,5.49,110.85,"C[C@@H](Oc1cc(sc1C(=O)N)n2cnc3ccc(OCC4CCN(C)CC4)cc23)c5ccccc5Cl","Inhibition","=",24.53,"%"
"CHEMBL475761",564.07,7.18,94.9,"CN1CCN(Cc2oc(cc2)c3cc4ncnc(Nc5ccc(OCc6cccc(F)c6)c(Cl)c5)c4s3)CC1","Inhibition","=",8.37,"%"
"CHEMBL1909383",458.52,3.17,109.55,"Cl.COc1cccc(c1)n2ncc3c(N\N=C\c4ccc(cc4)C(=O)NCCN(C)C)ncnc23","Inhibition","=",8.56,"%"
"CHEMBL1909342",305.4,1.69,93.6,"OC(=O)C(=O)O.O=C(CN1CCOCC1)Nc2sc3CCCCc3c2C#N","Inhibition","=",8.62,"%"
"CHEMBL365663",338.81,4.39,92.93,"Nc1nc(c2cccc(Cl)c2)c(s1)c3ccc4ncccc4n3","Inhibition","=",7.43,"%"
"CHEMBL361237",322.36,3.94,92.93,"Nc1nc(c2ccc(F)cc2)c(s1)c3ccc4ncccc4n3","Inhibition","=",5.68,"%"
"CHEMBL1909404",406.41,2.23,118.43,"NC(=O)c1ccc2c(c3ccnc(NCCCO)n3)c(nn2c1)c4ccc(F)cc4","Inhibition","=",7.82,"%"
"CHEMBL1909368",539.44,5.47,121.28,"Cl.Fc1ccc(cc1NC(=O)Nc2ccc(Oc3ccc4[nH]c(NC(=O)c5occc5)nc4c3)cc2)C(F)(F)F","Inhibition","=",7.58,"%"
"CHEMBL2062290",448.38,4.05,102.15,"CCN1CCC(CC(=O)Nc2n[nH]c3nc(c(Br)cc23)c4cccs4)CC1.OC(C(O)C(=O)O)C(=O)O","Inhibition","=",-1.3,"%"
"CHEMBL189231",284.32,2.21,95.65,"Nc1nonc1c2nc3cnccc3n2C4CCCCC4","Inhibition","=",2.16,"%"
"CHEMBL1096290",395.46,2.45,119.12,"CCn1c(nc2c(nc(CN3CCCC3)cc12)C#CC(C)(C)O)c4nonc4N","Inhibition","=",0.01,"%"
"CHEMBL156524",324.76,3.27,49.41,"Clc1ccc(cc1)C2=C(N3CCc4ccccc34)C(=O)NC2=O","Inhibition","=",4.31,"%"
"CHEMBL103080",370.43,2.32,112.33,"CS(=O)(=O)Nc1cccc(c1)c2ccc3c(NC(=O)C4CC4)n[nH]c3c2","Inhibition","=",1.09,"%"
"CHEMBL346551",264.28,2.17,58.2,"O=C1NC(=O)C(=C1Nc2ccccc2)c3ccccc3","Inhibition","=",14.98,"%"
"CHEMBL1785004",451.44,4.6,64.86,"Fc1ccc(cc1)c2ncn(C3CCNCC3)c2c4ccnc(Oc5ccc(F)c(F)c5)n4","Inhibition","=",1.5,"%"
"CHEMBL505915",601.67,3.99,144.74,"COc1cc2CCN(C(=O)CN3CCN(CC3)C(C)C)c2cc1Nc4nc(Nc5cccc(F)c5C(=O)N)c6cc[nH]c6n4","Inhibition","=",82.31,"%"
"CHEMBL1909415",450.92,7.06,91.07,"Cl.Fc1cccc(COc2ccc(Nc3ncnc4cc(sc34)c5ccc[nH]5)cc2Cl)c1","Inhibition","=",2.96,"%"
"CHEMBL359963",330.39,4.02,68.0,"CC(C)c1ccc(Nc2nccc(n2)c3cnn4ncccc34)cc1","Inhibition","=",23.73,"%"
"CHEMBL1909387",596.62,6.11,114.73,"Cl.CS(=O)(=O)CCNCc1oc(cc1)c2ccc3ncnc(Nc4ccc(OCc5cccc(c5)C(F)(F)F)cc4)c3c2","Inhibition","=",5.12,"%"
"CHEMBL212250",644.11,7.88,111.93,"Fc1cccc(COc2ccc(Nc3ncnc4ccc(cc34)c5oc(COCCS(=O)(=O)c6ccccc6)cc5)cc2Cl)c1","Inhibition","=",3.74,"%"
"CHEMBL160876",377.18,3.13,95.5,"OC(=O)c1cc(NC2=C(C(=O)NC2=O)c3ccc(Cl)cc3)ccc1Cl","Inhibition","=",-1.12,"%"
"CHEMBL218932",339.39,2.61,80.31,"CNC(=O)Oc1cc(C)c(\C=C\c2cncc(c2)C(=O)NC)c(C)c1","Inhibition","=",14.22,"%"
"CHEMBL1909409",539.65,5.49,116.85,"OC(=O)C(F)(F)F.O=C(O[C@H]1CN[C@@H](C1)C#Cc2cc3ncnc(Nc4ccc(Cc5ccccc5)cc4)c3s2)N6CCOCC6","Inhibition","=",0.46,"%"
"CHEMBL522709",461.46,5.08,107.6,"COc1ccc2ncn(c3cc(O[C@H](C)c4ccccc4C(F)(F)F)c(s3)C(=O)N)c2c1","Inhibition","=",2.16,"%"
"CHEMBL274863",382.43,2.2,82.09,"Nc1nccc(n1)c2c(ncn2CCCN3CCOCC3)c4ccc(F)cc4","Inhibition","=",4.91,"%"
"CHEMBL261440",313.3,3.82,57.78,"Fc1ccc(F)c(c1)c2ccc3c(NC(=O)C4CC4)n[nH]c3c2","Inhibition","=",4.05,"%"
"CHEMBL13868",507.56,5.75,74.09,"Fc1ccc(cc1)c2ncn(C3CCNCC3)c2c4ccnc(Oc5ccc(Oc6ccccc6)cc5)n4","Inhibition","=",4.48,"%"
"CHEMBL1909355",491.99,4.08,133.48,"Cl.CS(=O)(=O)CCNCc1nc(cs1)c2ccc3ncnc(Nc4ccc(F)c(Cl)c4)c3c2","Inhibition","=",3.6,"%"
"CHEMBL1909347",430.3,3.26,94.14,"CN1CCC(CC1)C(=O)Nc2n[nH]c3nc(c(Br)cc23)c4ccc(O)cc4.OC(=O)\C=C/C(=O)O","Inhibition","=",35.42,"%"
"CHEMBL260417",373.2,3.39,90.9,"Oc1ccc(cc1)c2nc3[nH]nc(NC(=O)C4CC4)c3cc2Br","Inhibition","=",72.32,"%"
"CHEMBL202891",328.37,3.8,63.69,"COc1ccc(cc1)c2cc(ccn2)c3c[nH]nc3c4ccccn4","Inhibition","=",5.23,"%"
"CHEMBL1888586",353.39,2.93,89.85,"Nc1nccc(n1)c2c(ncn2C3CCC(O)CC3)c4ccc(F)cc4","Inhibition","=",2.88,"%"
"CHEMBL247228",431.34,3.71,106.07,"Nc1ncnc2occ(c3ccc(NC(=O)Nc4cc(ccc4F)C(F)(F)F)cc3)c12","Inhibition","=",12.6,"%"
"CHEMBL476351",470.56,3.89,83.56,"Cc1ccc(NC(=O)c2ccnc(c2)N3CCOCC3)cc1c4ccc(cc4)C(=O)NCC5CC5","Inhibition","=",1.53,"%"
"CHEMBL102936",370.43,2.32,112.33,"CS(=O)(=O)Nc1ccc(cc1)c2ccc3c(NC(=O)C4CC4)n[nH]c3c2","Inhibition","=",11.0,"%"
"CHEMBL1909361",539.65,2.89,137.17,"Cl.CN(c1ccc(NC(=O)NCCN2CCOCC2)cc1)c3ccnc(Nc4ccc(CS(=O)(=O)C)cc4)n3","Inhibition","=",5.11,"%"
"CHEMBL188268",307.31,1.03,121.67,"NCc1ccc(cc1)n2c(nc3cnccc23)c4nonc4N","Inhibition","=",17.33,"%"
"CHEMBL237347",328.39,3.34,87.66,"Cc1ccc(O)cc1Nc2ccnc3ccc(cc23)S(=O)(=O)C","Inhibition","=",8.35,"%"
"CHEMBL103098",356.4,2.11,126.32,"NS(=O)(=O)c1ccc(cc1)c2ccc3c(NC(=O)C4CC4)n[nH]c3c2","Inhibition","=",3.11,"%"
"CHEMBL14112",366.43,2.62,43.18,"Fc1ccc(cc1)c2ncn(CCCN3CCOCC3)c2c4ccncc4","Inhibition","=",-0.45,"%"
"CHEMBL381604",446.86,5.11,98.84,"Nc1nccc(n1)C#Cc2cncnc2Nc3ccc(OCc4cccc(F)c4)c(Cl)c3","Inhibition","=",6.28,"%"
"CHEMBL1794056",303.32,1.61,71.84,"O=C1Nc2ccccc2/C/1=C/Nc3ccc(cc3)n4cncn4","Inhibition","=",11.82,"%"
"CHEMBL191105",287.32,0.55,98.89,"CN(C)CCCn1c(nc2cnccc12)c3nonc3N","Inhibition","=",4.63,"%"
"CHEMBL479079",406.44,4.09,106.21,"COc1cc(Nc2nccc(Nc3ccc4c(C)n[nH]c4c3)n2)cc(OC)c1OC","Inhibition","=",39.29,"%"
"CHEMBL1909398",330.36,1.72,122.03,"Cc1cccc2\C(=N\Nc3ccc(cc3)S(=O)(=O)N)\C(=O)Nc12","Inhibition","=",4.7,"%"
